id, first_name, last_name, in_senate, state, gender, party, fec_candidate_id, state_rank, district, govtrack_id
0, Lamar, Alexander, true, TN, M, R, S2TN00058, senior, N/A, 300002
1, Tammy, Baldwin, true, WI, F, D, S2WI00219, junior, N/A, 400013
2, John, Barrasso, true, WY, M, R, S6WY00068, junior, N/A, 412251
3, Michael, Bennet, true, CO, M, D, S0CO00211, senior, N/A, 412330
4, Richard, Blumenthal, true, CT, M, D, S0CT00177, senior, N/A, 412490
5, Roy, Blunt, true, MO, M, R, S0MO00183, junior, N/A, 400034
6, Cory, Booker, true, NJ, M, D, S4NJ00185, junior, N/A, 412598
7, John, Boozman, true, AR, M, R, S0AR00150, senior, N/A, 400040
8, Sherrod, Brown, true, OH, M, D, S6OH00163, senior, N/A, 400050
9, Richard, Burr, true, NC, M, R, S4NC00089, senior, N/A, 400054
10, Maria, Cantwell, true, WA, F, D, S8WA00194, junior, N/A, 300018
11, Shelley, Capito, true, WV, F, R, S4WV00159, junior, N/A, 400061
12, Benjamin, Cardin, true, MD, M, D, S6MD03177, senior, N/A, 400064
13, Thomas, Carper, true, DE, M, D, S8DE00079, senior, N/A, 300019
14, Bob, Casey, true, PA, M, D, S6PA00217, senior, N/A, 412246
15, Bill, Cassidy, true, LA, M, R, S4LA00107, senior, N/A, 412269
16, Thad, Cochran, true, MS, M, R, S8MS00055, senior, N/A, 300023
17, Susan, Collins, true, ME, F, R, S6ME00159, senior, N/A, 300025
18, Christopher, Coons, true, DE, M, D, S0DE00092, junior, N/A, 412390
19, Bob, Corker, true, TN, M, R, S6TN00216, junior, N/A, 412248
20, John, Cornyn, true, TX, M, R, S2TX00106, senior, N/A, 300027
21, Catherine, Cortez Masto, true, NV, F, D, S6NV00200, junior, N/A, 412681
22, Tom, Cotton, true, AR, M, R, S4AR00103, junior, N/A, 412508
23, Michael, Crapo, true, ID, M, R, S8ID00027, senior, N/A, 300030
24, Ted, Cruz, true, TX, M, R, S2TX00312, junior, N/A, 412573
25, Steve, Daines, true, MT, M, R, S2MT00096, junior, N/A, 412549
26, Joe, Donnelly, true, IN, M, D, S2IN00091, senior, N/A, 412205
27, Tammy, Duckworth, true, IL, F, D, S6IL00292, junior, N/A, 412533
28, Richard, Durbin, true, IL, M, D, S6IL00151, senior, N/A, 300038
29, Michael, Enzi, true, WY, M, R, S6WY00126, senior, N/A, 300041
30, Joni, Ernst, true, IA, F, R, S4IA00129, junior, N/A, 412667
31, Dianne, Feinstein, true, CA, F, D, S0CA00199, senior, N/A, 300043
32, Deb, Fischer, true, NE, F, R, S2NE00094, senior, N/A, 412556
33, Jeff, Flake, true, AZ, M, R, S2AZ00141, junior, N/A, 400134
34, Al, Franken, true, MN, M, D, S8MN00438, junior, N/A, 412378
35, Cory, Gardner, true, CO, M, R, S4CO00395, junior, N/A, 412406
36, Kirsten, Gillibrand, true, NY, F, D, S0NY00410, junior, N/A, 412223
37, Lindsey, Graham, true, SC, M, R, S0SC00149, senior, N/A, 300047
38, Charles, Grassley, true, IA, M, R, S0IA00028, senior, N/A, 300048
39, Kamala, Harris, true, CA, F, D, S6CA00584, junior, N/A, 412678
40, Margaret, Hassan, true, NH, F, D, S6NH00091, junior, N/A, 412680
41, Orrin, Hatch, true, UT, M, R, S6UT00063, senior, N/A, 300052
42, Martin, Heinrich, true, NM, M, D, S2NM00088, junior, N/A, 412281
43, Heidi, Heitkamp, true, ND, F, D, S2ND00099, junior, N/A, 412554
44, Dean, Heller, true, NV, M, R, S2NV00183, senior, N/A, 412218
45, Mazie, Hirono, true, HI, F, D, S2HI00106, junior, N/A, 412200
46, John, Hoeven, true, ND, M, R, S0ND00093, senior, N/A, 412494
47, Cindy, Hyde-Smith, true, MS, F, R, , junior, N/A, 412743
48, James, Inhofe, true, OK, M, R, S4OK00083, senior, N/A, 300055
49, Johnny, Isakson, true, GA, M, R, S6GA00119, senior, N/A, 400194
50, Ron, Johnson, true, WI, M, R, S0WI00197, senior, N/A, 412496
51, Doug, Jones, true, AL, M, D, S0AL00156, junior, N/A, 412741
52, Tim, Kaine, true, VA, M, D, S2VA00142, junior, N/A, 412582
53, John, Kennedy, true, LA, M, R, S4LA00065, junior, N/A, 412679
54, Angus, King, true, ME, M, I, S2ME00109, junior, N/A, 412545
55, Amy, Klobuchar, true, MN, F, D, S6MN00267, senior, N/A, 412242
56, Jon, Kyl, true, AZ, M, R, , junior, N/A, 300062
57, James, Lankford, true, OK, M, R, S4OK00232, junior, N/A, 412464
58, Patrick, Leahy, true, VT, M, D, S4VT00017, senior, N/A, 300065
59, Mike, Lee, true, UT, M, R, S0UT00165, junior, N/A, 412495
60, Joe, Manchin, true, WV, M, D, S0WV00090, senior, N/A, 412391
61, Edward, Markey, true, MA, M, D, S4MA00028, junior, N/A, 400253
62, John, McCain, true, AZ, M, R, S6AZ00019, senior, N/A, 300071
63, Claire, McCaskill, true, MO, F, D, S6MO00305, senior, N/A, 412243
64, Mitch, McConnell, true, KY, M, R, S2KY00012, senior, N/A, 300072
65, Robert, Menendez, true, NJ, M, D, S6NJ00289, senior, N/A, 400272
66, Jeff, Merkley, true, OR, M, D, S8OR00207, junior, N/A, 412325
67, Jerry, Moran, true, KS, M, R, S0KS00091, junior, N/A, 400284
68, Lisa, Murkowski, true, AK, F, R, S4AK00099, senior, N/A, 300075
69, Christopher, Murphy, true, CT, M, D, S2CT00132, junior, N/A, 412194
70, Patty, Murray, true, WA, F, D, S2WA00189, senior, N/A, 300076
71, Bill, Nelson, true, FL, M, D, S8FL00166, senior, N/A, 300078
72, Rand, Paul, true, KY, M, R, S0KY00156, junior, N/A, 412492
73, David, Perdue, true, GA, M, R, S4GA11285, junior, N/A, 412666
74, Gary, Peters, true, MI, M, D, S4MI00355, junior, N/A, 412305
75, Rob, Portman, true, OH, M, R, S0OH00133, junior, N/A, 400325
76, Jack, Reed, true, RI, M, D, S6RI00163, senior, N/A, 300081
77, Jim, Risch, true, ID, M, R, S8ID00092, junior, N/A, 412322
78, Pat, Roberts, true, KS, M, R, S6KS00080, senior, N/A, 300083
79, Mike, Rounds, true, SD, M, R, S4SD00049, junior, N/A, 412669
80, Marco, Rubio, true, FL, M, R, S0FL00338, junior, N/A, 412491
81, Bernard, Sanders, true, VT, M, I, S4VT00033, junior, N/A, 400357
82, Ben, Sasse, true, NE, M, R, S4NE00090, junior, N/A, 412671
83, Brian, Schatz, true, HI, M, D, S4HI00136, senior, N/A, 412507
84, Charles, Schumer, true, NY, M, D, S8NY00082, senior, N/A, 300087
85, Tim, Scott, true, SC, M, R, S4SC00240, junior, N/A, 412471
86, Jeff, Sessions, true, AL, M, R, S6AL00195, , N/A, 300088
87, Jeanne, Shaheen, true, NH, F, D, S0NH00219, senior, N/A, 412323
88, Richard, Shelby, true, AL, M, R, S6AL00013, senior, N/A, 300089
89, Tina, Smith, true, MN, F, D, S8MN00578, junior, N/A, 412742
90, Debbie, Stabenow, true, MI, F, D, S8MI00281, senior, N/A, 300093
91, Luther, Strange, true, AL, M, R, S8AL00308, junior, N/A, 412734
92, Dan, Sullivan, true, AK, M, R, S4AK00214, junior, N/A, 412665
93, Jon, Tester, true, MT, M, D, S6MT00162, senior, N/A, 412244
94, John, Thune, true, SD, M, R, S2SD00068, senior, N/A, 400546
95, Thom, Tillis, true, NC, M, R, S4NC00162, junior, N/A, 412668
96, Patrick, Toomey, true, PA, M, R, S4PA00121, junior, N/A, 400408
97, Tom, Udall, true, NM, M, D, S8NM00184, senior, N/A, 400413
98, Chris, Van Hollen, true, MD, M, D, S6MD03441, junior, N/A, 400415
99, Mark, Warner, true, VA, M, D, S6VA00093, senior, N/A, 412321
100, Elizabeth, Warren, true, MA, F, D, S2MA00170, senior, N/A, 412542
101, Sheldon, Whitehouse, true, RI, M, D, S6RI00221, junior, N/A, 412247
102, Roger, Wicker, true, MS, M, R, S8MS00196, junior, N/A, 400432
103, Ron, Wyden, true, OR, M, D, S6OR00110, senior, N/A, 300100
104, Todd, Young, true, IN, M, R, S6IN00191, junior, N/A, 412428
105, Ralph, Abraham, false, LA, M, R, H4LA05221, N/A, 5, 412630
106, Alma, Adams, false, NC, F, D, H4NC12100, N/A, 12, 412607
107, Robert, Aderholt, false, AL, M, R, H6AL04098, N/A, 4, 400004
108, Pete, Aguilar, false, CA, M, D, H2CA31125, N/A, 31, 412615
109, Rick, Allen, false, GA, M, R, H2GA12121, N/A, 12, 412625
110, Justin, Amash, false, MI, M, R, H0MI03126, N/A, 3, 412438
111, Mark, Amodei, false, NV, M, R, H2NV02395, N/A, 2, 412500
112, Jodey, Arrington, false, TX, M, R, H6TX19099, N/A, 19, 412726
113, Brian, Babin, false, TX, M, R, H6TX02079, N/A, 36, 412655
114, Don, Bacon, false, NE, M, R, H6NE02125, N/A, 2, 412713
115, Troy, Balderson, false, OH, M, R, , N/A, 12, 412747
116, Jim, Banks, false, IN, M, R, H6IN03229, N/A, 3, 412702
117, Lou, Barletta, false, PA, M, R, H2PA11098, N/A, 11, 412469
118, Andy, Barr, false, KY, M, R, H0KY06104, N/A, 6, 412541
119, Nanette, Barragán, false, CA, F, D, H6CA44103, N/A, 44, 412687
120, Joe, Barton, false, TX, M, R, H4TX06117, N/A, 6, 400018
121, Karen, Bass, false, CA, F, D, H0CA33117, N/A, 37, 412404
122, Joyce, Beatty, false, OH, F, D, H2OH03125, N/A, 3, 412565
123, Xavier, Becerra, false, CA, M, D, H2CA30143, N/A, 34, 400021
124, Ami, Bera, false, CA, M, D, H0CA03078, N/A, 7, 412512
125, Jack, Bergman, false, MI, M, R, H6MI01226, N/A, 1, 412709
126, Donald, Beyer, false, VA, M, D, H4VA08224, N/A, 8, 412657
127, Andy, Biggs, false, AZ, M, R, H6AZ05083, N/A, 5, 412683
128, Gus, Bilirakis, false, FL, M, R, H6FL09070, N/A, 12, 412250
129, Sanford, Bishop, false, GA, M, D, H2GA02031, N/A, 2, 400030
130, Mike, Bishop, false, MI, M, R, H4MI08135, N/A, 8, 412635
131, Rob, Bishop, false, UT, M, R, H2UT01094, N/A, 1, 400029
132, Diane, Black, false, TN, F, R, H0TN06257, N/A, 6, 412478
133, Marsha, Blackburn, false, TN, F, R, H2TN06030, N/A, 7, 400032
134, Rod, Blum, false, IA, M, R, H2IA01055, N/A, 1, 412627
135, Earl, Blumenauer, false, OR, M, D, H6OR03064, N/A, 3, 400033
136, Lisa, Blunt Rochester, false, DE, F, D, H6DE00206, N/A, At-Large, 412689
137, Suzanne, Bonamici, false, OR, F, D, H2OR01133, N/A, 1, 412501
138, Madeleine, Bordallo, false, GU, F, D, H2GU00033, N/A, At-Large, 400041
139, Mike, Bost, false, IL, M, R, H4IL12060, N/A, 12, 412629
140, Brendan, Boyle, false, PA, M, D, H4PA13199, N/A, 13, 412652
141, Kevin, Brady, false, TX, M, R, H6TX08100, N/A, 8, 400046
142, Robert, Brady, false, PA, M, D, H8PA01153, N/A, 1, 400047
143, David, Brat, false, VA, M, R, H4VA07143, N/A, 7, 412605
144, Jim, Bridenstine, false, OK, M, R, H2OK01143, N/A, 1, 412567
145, Susan, Brooks, false, IN, F, R, H2IN05082, N/A, 5, 412539
146, Mo, Brooks, false, AL, M, R, H0AL05163, N/A, 5, 412395
147, Anthony, Brown, false, MD, M, D, H6MD04209, N/A, 4, 412707
148, Julia, Brownley, false, CA, F, D, H2CA00120, N/A, 26, 412516
149, Vern, Buchanan, false, FL, M, R, H6FL13148, N/A, 16, 412196
150, Ken, Buck, false, CO, M, R, S0CO00237, N/A, 4, 412619
151, Larry, Bucshon, false, IN, M, R, H0IN08114, N/A, 8, 412427
152, Ted, Budd, false, NC, M, R, H6NC13129, N/A, 13, 412712
153, Michael, Burgess, false, TX, M, R, H2TX26093, N/A, 26, 400052
154, Cheri, Bustos, false, IL, F, D, H2IL17071, N/A, 17, 412537
155, G., Butterfield, false, NC, M, D, H4NC01046, N/A, 1, 400616
156, Bradley, Byrne, false, AL, M, R, H4AL01123, N/A, 1, 412601
157, Ken, Calvert, false, CA, M, R, H2CA37023, N/A, 42, 400057
158, Michael, Capuano, false, MA, M, D, H8MA08071, N/A, 7, 400063
159, Salud, Carbajal, false, CA, M, D, H6CA24303, N/A, 24, 412686
160, Tony, Cárdenas, false, CA, M, D, H2CA28113, N/A, 29, 412517
161, André, Carson, false, IN, M, D, H8IN07184, N/A, 7, 412258
162, John, Carter, false, TX, M, R, H2TX31044, N/A, 31, 400068
163, Buddy, Carter, false, GA, M, R, H4GA01039, N/A, 1, 412622
164, Matt, Cartwright, false, PA, M, D, H2PA17079, N/A, 17, 412571
165, Kathy, Castor, false, FL, F, D, H6FL11126, N/A, 14, 412195
166, Joaquín, Castro, false, TX, M, D, H2TX35011, N/A, 20, 412576
167, Steven, Chabot, false, OH, M, R, H8OH01043, N/A, 1, 400071
168, Jason, Chaffetz, false, UT, M, R, H8UT03089, N/A, 3, 412270
169, Liz, Cheney, false, WY, F, R, H6WY00159, N/A, At-Large, 412732
170, Judy, Chu, false, CA, F, D, H0CA32101, N/A, 27, 412379
171, David, Cicilline, false, RI, M, D, H0RI01073, N/A, 1, 412470
172, Katherine, Clark, false, MA, F, D, H4MA05084, N/A, 5, 412600
173, Yvette, Clarke, false, NY, F, D, H4NY11138, N/A, 9, 412221
174, William, Clay, false, MO, M, D, H0MO01066, N/A, 1, 400074
175, Emanuel, Cleaver, false, MO, M, D, H4MO05234, N/A, 5, 400639
176, Michael, Cloud, false, TX, M, R, , N/A, 27, 412746
177, James, Clyburn, false, SC, M, D, H2SC02042, N/A, 6, 400075
178, Mike, Coffman, false, CO, M, R, H8CO06138, N/A, 6, 412271
179, Steve, Cohen, false, TN, M, D, H6TN09068, N/A, 9, 412236
180, Tom, Cole, false, OK, M, R, H2OK04055, N/A, 4, 400077
181, Doug, Collins, false, GA, M, R, H2GA09150, N/A, 9, 412531
182, Chris, Collins, false, NY, M, R, H8NY29032, N/A, 27, 412563
183, James, Comer, false, KY, M, R, H6KY01110, N/A, 1, 412676
184, Barbara, Comstock, false, VA, F, R, H4VA10089, N/A, 10, 412658
185, K., Conaway, false, TX, M, R, H4TX19136, N/A, 11, 400655
186, Gerald, Connolly, false, VA, M, D, H8VA11062, N/A, 11, 412272
187, John, Conyers, false, MI, M, D, H6MI01028, N/A, 13, 400080
188, Paul, Cook, false, CA, M, R, H2CA08164, N/A, 8, 412513
189, Jim, Cooper, false, TN, M, D, H2TN05131, N/A, 5, 400081
190, J., Correa, false, CA, M, D, H6CA46116, N/A, 46, 412688
191, Jim, Costa, false, CA, M, D, H4CA20082, N/A, 16, 400618
192, Ryan, Costello, false, PA, M, R, H0PA06076, N/A, 6, 412651
193, Joe, Courtney, false, CT, M, D, H2CT02112, N/A, 2, 412193
194, Kevin, Cramer, false, ND, M, R, H0ND01026, N/A, At-Large, 412555
195, Rick, Crawford, false, AR, M, R, H0AR01083, N/A, 1, 412400
196, Charlie, Crist, false, FL, M, D, H6FL13205, N/A, 13, 412697
197, Joseph, Crowley, false, NY, M, D, H8NY07046, N/A, 14, 400087
198, Henry, Cuellar, false, TX, M, D, H2TX23082, N/A, 28, 400657
199, John, Culberson, false, TX, M, R, H0TX07055, N/A, 7, 400089
200, Elijah, Cummings, false, MD, M, D, H6MD07160, N/A, 7, 400090
201, Carlos, Curbelo, false, FL, M, R, H4FL26038, N/A, 26, 412621
202, John, Curtis, false, UT, M, R, , N/A, 3, 412740
203, Warren, Davidson, false, OH, M, R, H6OH08315, N/A, 8, 412675
204, Susan, Davis, false, CA, F, D, H0CA49055, N/A, 53, 400097
205, Rodney, Davis, false, IL, M, R, H2IL13120, N/A, 13, 412536
206, Danny, Davis, false, IL, M, D, H4IL07037, N/A, 7, 400093
207, Peter, DeFazio, false, OR, M, D, H6OR04047, N/A, 4, 400100
208, Diana, DeGette, false, CO, F, D, H6CO01141, N/A, 1, 400101
209, John, Delaney, false, MD, M, D, H2MD06195, N/A, 6, 412544
210, Rosa, DeLauro, false, CT, F, D, H0CT03072, N/A, 3, 400103
211, Suzan, DelBene, false, WA, F, D, H0WA08046, N/A, 1, 412505
212, Val, Demings, false, FL, F, D, H2FL08063, N/A, 10, 412696
213, Jeffrey, Denham, false, CA, M, R, H0CA19173, N/A, 10, 412403
214, Charlie, Dent, false, PA, M, R, H4PA15087, N/A, 15, 400648
215, Ron, DeSantis, false, FL, M, R, H2FL00292, N/A, 6, 412526
216, Mark, DeSaulnier, false, CA, M, D, H0CA10073, N/A, 11, 412613
217, Scott, DesJarlais, false, TN, M, R, H0TN04195, N/A, 4, 412477
218, Ted, Deutch, false, FL, M, D, H0FL19080, N/A, 22, 412385
219, Mario, Diaz-Balart, false, FL, M, R, H2FL25018, N/A, 25, 400108
220, Debbie, Dingell, false, MI, F, D, H4MI12079, N/A, 12, 412637
221, Lloyd, Doggett, false, TX, M, D, H4TX10028, N/A, 35, 400111
222, Daniel, Donovan, false, NY, M, R, H6NY11174, N/A, 11, 412672
223, Mike, Doyle, false, PA, M, D, H4PA18131, N/A, 14, 400114
224, Sean, Duffy, false, WI, M, R, H0WI07051, N/A, 7, 412488
225, John, Duncan, false, TN, M, R, H8TN02069, N/A, 2, 400116
226, Jeffrey, Duncan, false, SC, M, R, H0SC03077, N/A, 3, 412472
227, Neal, Dunn, false, FL, M, R, H6FL02208, N/A, 2, 412691
228, Keith, Ellison, false, MN, M, D, H6MN05183, N/A, 5, 412215
229, Tom, Emmer, false, MN, M, R, H4MN06087, N/A, 6, 412639
230, Eliot, Engel, false, NY, M, D, H8NY19058, N/A, 16, 400122
231, Anna, Eshoo, false, CA, F, D, H8CA12098, N/A, 18, 400124
232, Adriano, Espaillat, false, NY, M, D, H2NY13096, N/A, 13, 412718
233, Ron, Estes, false, KS, M, R, H8KS04112, N/A, 4, 412735
234, Elizabeth, Esty, false, CT, F, D, H2CT05131, N/A, 5, 412524
235, Dwight, Evans, false, PA, M, D, H6PA02171, N/A, 2, 412677
236, Blake, Farenthold, false, TX, M, R, H0TX27061, N/A, 27, 412482
237, John, Faso, false, NY, M, R, H6NY19169, N/A, 19, 412719
238, A., Ferguson, false, GA, M, R, H6GA03113, N/A, 3, 412700
239, Brian, Fitzpatrick, false, PA, M, R, H6PA08277, N/A, 8, 412721
240, Chuck, Fleischmann, false, TN, M, R, H0TN03254, N/A, 3, 412476
241, Bill, Flores, false, TX, M, R, H0TX17104, N/A, 17, 412480
242, Jeff, Fortenberry, false, NE, M, R, H4NE01064, N/A, 1, 400640
243, Bill, Foster, false, IL, M, D, H8IL14067, N/A, 11, 412257
244, Virginia, Foxx, false, NC, F, R, H4NC05146, N/A, 5, 400643
245, Lois, Frankel, false, FL, F, D, H2FL14053, N/A, 21, 412529
246, Trent, Franks, false, AZ, M, R, H4AZ04024, N/A, 8, 400141
247, Rodney, Frelinghuysen, false, NJ, M, R, H2NJ05014, N/A, 11, 400142
248, Marcia, Fudge, false, OH, F, D, H8OH11141, N/A, 11, 412327
249, Tulsi, Gabbard, false, HI, F, D, H2HI02508, N/A, 2, 412532
250, Matt, Gaetz, false, FL, M, R, H6FL01119, N/A, 1, 412690
251, Mike, Gallagher, false, WI, M, R, H6WI08155, N/A, 8, 412731
252, Ruben, Gallego, false, AZ, M, D, H4AZ07043, N/A, 7, 412612
253, John, Garamendi, false, CA, M, D, H0CA10149, N/A, 3, 412382
254, Thomas, Garrett, false, VA, M, R, H6VA05142, N/A, 5, 412729
255, Greg, Gianforte, false, MT, M, R, H8MT01182, N/A, At-Large, 412736
256, Bob, Gibbs, false, OH, M, R, H0OH18077, N/A, 7, 412463
257, Louie, Gohmert, false, TX, M, R, H4TX04039, N/A, 1, 400651
258, Jimmy, Gomez, false, CA, M, D, H8CA34266, N/A, 34, 412739
259, Vicente, Gonzalez, false, TX, M, D, H6TX15162, N/A, 15, 412725
260, Jenniffer, González-Colón, false, PR, F, R, H6PR00082, N/A, At-Large, 412723
261, Robert, Goodlatte, false, VA, M, R, H2VA06115, N/A, 6, 400154
262, Paul, Gosar, false, AZ, M, R, H0AZ01259, N/A, 4, 412397
263, Josh, Gottheimer, false, NJ, M, D, H6NJ05171, N/A, 5, 412714
264, Trey, Gowdy, false, SC, M, R, H0SC04257, N/A, 4, 412473
265, Kay, Granger, false, TX, F, R, H6TX12060, N/A, 12, 400157
266, Garret, Graves, false, LA, M, R, H4LA06153, N/A, 6, 412631
267, Sam, Graves, false, MO, M, R, H0MO06073, N/A, 6, 400158
268, Tom, Graves, false, GA, M, R, H0GA09030, N/A, 14, 412388
269, Al, Green, false, TX, M, D, H4TX09095, N/A, 9, 400653
270, Gene, Green, false, TX, M, D, H2TX29030, N/A, 29, 400160
271, Morgan, Griffith, false, VA, M, R, H0VA09055, N/A, 9, 412485
272, Raúl, Grijalva, false, AZ, M, D, H2AZ07070, N/A, 3, 400162
273, Glenn, Grothman, false, WI, M, R, H4WI06048, N/A, 6, 412661
274, Brett, Guthrie, false, KY, M, R, H8KY02031, N/A, 2, 412278
275, Luis, Gutiérrez, false, IL, M, D, H2IL08039, N/A, 4, 400163
276, Colleen, Hanabusa, false, HI, F, D, H2HI02110, N/A, 1, 412418
277, Karen, Handel, false, GA, F, R, H8GA06286, N/A, 6, 412737
278, Gregg, Harper, false, MS, M, R, H8MS03067, N/A, 3, 412280
279, Andy, Harris, false, MD, M, R, H8MD01094, N/A, 1, 412434
280, Vicky, Hartzler, false, MO, F, R, H0MO04086, N/A, 4, 412444
281, Alcee, Hastings, false, FL, M, D, H2FL23021, N/A, 20, 400170
282, Denny, Heck, false, WA, M, D, H0WA03161, N/A, 10, 412584
283, Jeb, Hensarling, false, TX, M, R, H2TX05121, N/A, 5, 400175
284, Kevin, Hern, false, OK, M, R, , N/A, 1, 412748
285, Jaime, Herrera Beutler, false, WA, F, R, H0WA03187, N/A, 3, 412486
286, Jody, Hice, false, GA, M, R, H0GA07125, N/A, 10, 412623
287, Brian, Higgins, false, NY, M, D, H4NY27076, N/A, 26, 400641
288, Clay, Higgins, false, LA, M, R, H6LA03148, N/A, 3, 412705
289, French, Hill, false, AR, M, R, H4AR02141, N/A, 2, 412609
290, Jim, Himes, false, CT, M, D, H8CT04172, N/A, 4, 412282
291, George, Holding, false, NC, M, R, H2NC13110, N/A, 2, 412553
292, Trey, Hollingsworth, false, IN, M, R, H6IN09176, N/A, 9, 412703
293, Steny, Hoyer, false, MD, M, D, H2MD05155, N/A, 5, 400189
294, Richard, Hudson, false, NC, M, R, H2NC08185, N/A, 8, 412550
295, Jared, Huffman, false, CA, M, D, H2CA06259, N/A, 2, 412511
296, Bill, Huizenga, false, MI, M, R, H0MI02094, N/A, 2, 412437
297, Randy, Hultgren, false, IL, M, R, H0IL14080, N/A, 14, 412422
298, Duncan, Hunter, false, CA, M, R, H8CA52052, N/A, 50, 412283
299, Will, Hurd, false, TX, M, R, H0TX23086, N/A, 23, 412654
300, Darrell, Issa, false, CA, M, R, H0CA48024, N/A, 49, 400196
301, Sheila, Jackson Lee, false, TX, F, D, H4TX18054, N/A, 18, 400199
302, Pramila, Jayapal, false, WA, F, D, H6WA07458, N/A, 7, 412730
303, Hakeem, Jeffries, false, NY, M, D, H2NY10092, N/A, 8, 412561
304, Evan, Jenkins, false, WV, M, R, S8WV00127, N/A, 3, 412663
305, Lynn, Jenkins, false, KS, F, R, H8KS02090, N/A, 2, 412284
306, Hank, Johnson, false, GA, M, D, H6GA04129, N/A, 4, 412199
307, Bill, Johnson, false, OH, M, R, H0OH06189, N/A, 6, 412460
308, Mike, Johnson, false, LA, M, R, H6LA04138, N/A, 4, 412706
309, Sam, Johnson, false, TX, M, R, H2TX03118, N/A, 3, 400206
310, Eddie, Johnson, false, TX, F, D, H2TX00015, N/A, 30, 400204
311, Walter, Jones, false, NC, M, R, H2NC01081, N/A, 3, 400209
312, Brenda, Jones, false, MI, F, D, , N/A, 13, Unknown
313, Jim, Jordan, false, OH, M, R, H6OH04082, N/A, 4, 412226
314, Dave, Joyce, false, OH, M, R, H2OH14064, N/A, 14, 412566
315, Marcy, Kaptur, false, OH, F, D, H2OH09031, N/A, 9, 400211
316, John, Katko, false, NY, M, R, H4NY24073, N/A, 24, 412649
317, Bill, Keating, false, MA, M, D, H0MA10082, N/A, 9, 412435
318, Trent, Kelly, false, MS, M, R, H6MS01131, N/A, 1, 412673
319, Robin, Kelly, false, IL, F, D, H2IL02172, N/A, 2, 412595
320, Mike, Kelly, false, PA, M, R, H0PA03271, N/A, 3, 412465
321, Joseph, Kennedy, false, MA, M, D, H2MA04073, N/A, 4, 412543
322, Ro, Khanna, false, CA, M, D, H4CA12055, N/A, 17, 412684
323, Ruben, Kihuen, false, NV, M, D, H2NV00050, N/A, 4, 412716
324, Dan, Kildee, false, MI, M, D, H2MI05119, N/A, 5, 412546
325, Derek, Kilmer, false, WA, M, D, H2WA06129, N/A, 6, 412583
326, Ron, Kind, false, WI, M, D, H6WI03099, N/A, 3, 400218
327, Steve, King, false, IA, M, R, H2IA05072, N/A, 4, 400220
328, Peter, King, false, NY, M, R, H2NY03089, N/A, 2, 400219
329, Adam, Kinzinger, false, IL, M, R, H0IL11052, N/A, 16, 412421
330, Steve, Knight, false, CA, M, R, H4CA25123, N/A, 25, 412614
331, Raja, Krishnamoorthi, false, IL, M, D, H6IL08147, N/A, 8, 412701
332, Ann, Kuster, false, NH, F, D, H0NH02181, N/A, 2, 412557
333, David, Kustoff, false, TN, M, R, H2TN07103, N/A, 8, 412724
334, Raúl, Labrador, false, ID, M, R, H0ID01253, N/A, 1, 412419
335, Darin, LaHood, false, IL, M, R, H6IL18088, N/A, 18, 412674
336, Doug, LaMalfa, false, CA, M, R, H2CA02142, N/A, 1, 412510
337, Conor, Lamb, false, PA, M, D, , N/A, 18, 412744
338, Doug, Lamborn, false, CO, M, R, H6CO05159, N/A, 5, 412191
339, Leonard, Lance, false, NJ, M, R, H6NJ12136, N/A, 7, 412290
340, Jim, Langevin, false, RI, M, D, H0RI02139, N/A, 2, 400230
341, Rick, Larsen, false, WA, M, D, H0WA02080, N/A, 2, 400232
342, John, Larson, false, CT, M, D, H8CT01046, N/A, 1, 400233
343, Robert, Latta, false, OH, M, R, H8OH05036, N/A, 5, 412256
344, Brenda, Lawrence, false, MI, F, D, H2MI14111, N/A, 14, 412638
345, Al, Lawson, false, FL, M, D, H0FL02086, N/A, 5, 412693
346, Barbara, Lee, false, CA, F, D, H8CA09060, N/A, 13, 400237
347, Debbie, Lesko, false, AZ, F, R, , N/A, 8, 412745
348, Sander, Levin, false, MI, M, D, H2MI17023, N/A, 9, 400238
349, Jason, Lewis, false, MN, M, R, H6MN02149, N/A, 2, 412711
350, John, Lewis, false, GA, M, D, H6GA05217, N/A, 5, 400240
351, Ted, Lieu, false, CA, M, D, H4CA33119, N/A, 33, 412616
352, Daniel, Lipinski, false, IL, M, D, H4IL03077, N/A, 3, 400630
353, Frank, LoBiondo, false, NJ, M, R, H2NJ02037, N/A, 2, 400244
354, Dave, Loebsack, false, IA, M, D, H6IA02146, N/A, 2, 412209
355, Zoe, Lofgren, false, CA, F, D, H4CA16049, N/A, 19, 400245
356, Billy, Long, false, MO, M, R, H0MO07113, N/A, 7, 412445
357, Barry, Loudermilk, false, GA, M, R, H4GA11061, N/A, 11, 412624
358, Mia, Love, false, UT, F, R, H2UT04023, N/A, 4, 412656
359, Alan, Lowenthal, false, CA, M, D, H2CA00104, N/A, 47, 412521
360, Nita, Lowey, false, NY, F, D, H8NY20056, N/A, 17, 400246
361, Frank, Lucas, false, OK, M, R, H4OK06056, N/A, 3, 400247
362, Blaine, Luetkemeyer, false, MO, M, R, H8MO09153, N/A, 3, 412292
363, Ben, Luján, false, NM, M, D, H8NM03196, N/A, 3, 412293
364, Michelle, Lujan Grisham, false, NM, F, D, H8NM01257, N/A, 1, 412558
365, Stephen, Lynch, false, MA, M, D, H2MA09072, N/A, 8, 400249
366, Tom, MacArthur, false, NJ, M, R, H4NJ03130, N/A, 3, 412643
367, Sean, Maloney, false, NY, M, D, H2NY22139, N/A, 18, 412562
368, Carolyn, Maloney, false, NY, F, D, H2NY14037, N/A, 12, 400251
369, Kenny, Marchant, false, TX, M, R, H4TX24094, N/A, 24, 400656
370, Tom, Marino, false, PA, M, R, H0PA10078, N/A, 10, 412468
371, Roger, Marshall, false, KS, M, R, H6KS01179, N/A, 1, 412704
372, Thomas, Massie, false, KY, M, R, H2KY04121, N/A, 4, 412503
373, Brian, Mast, false, FL, M, R, H6FL18097, N/A, 18, 412698
374, Doris, Matsui, false, CA, F, D, H6CA05195, N/A, 6, 400663
375, Kevin, McCarthy, false, CA, M, R, H6CA22125, N/A, 23, 412190
376, Michael, McCaul, false, TX, M, R, H4TX10093, N/A, 10, 400654
377, Tom, McClintock, false, CA, M, R, H8CA04152, N/A, 4, 412295
378, Betty, McCollum, false, MN, F, D, H0MN04049, N/A, 4, 400259
379, A., McEachin, false, VA, M, D, H6VA04061, N/A, 4, 412728
380, Jim, McGovern, false, MA, M, D, H4MA03022, N/A, 2, 400263
381, Patrick, McHenry, false, NC, M, R, H4NC10047, N/A, 10, 400644
382, David, McKinley, false, WV, M, R, H0WV01072, N/A, 1, 412487
383, Cathy, McMorris Rodgers, false, WA, F, R, H4WA05077, N/A, 5, 400659
384, Jerry, McNerney, false, CA, M, D, H4CA11081, N/A, 9, 412189
385, Martha, McSally, false, AZ, F, R, H2AZ08102, N/A, 2, 412611
386, Mark, Meadows, false, NC, M, R, H2NC11080, N/A, 11, 412552
387, Pat, Meehan, false, PA, M, R, H0PA07082, N/A, 7, 412466
388, Gregory, Meeks, false, NY, M, D, H8NY06048, N/A, 5, 400271
389, Grace, Meng, false, NY, F, D, H2NY06116, N/A, 6, 412560
390, Luke, Messer, false, IN, M, R, H0IN02125, N/A, 6, 412540
391, Paul, Mitchell, false, MI, M, R, H4MI04118, N/A, 10, 412710
392, John, Moolenaar, false, MI, M, R, H4MI04126, N/A, 4, 412634
393, Alex, Mooney, false, WV, M, R, H4WV02080, N/A, 2, 412662
394, Gwen, Moore, false, WI, F, D, H4WI04183, N/A, 4, 400661
395, Joe, Morelle, false, NY, M, D, , N/A, 25, 412749
396, Seth, Moulton, false, MA, M, D, H4MA06090, N/A, 6, 412632
397, Markwayne, Mullin, false, OK, M, R, H2OK02083, N/A, 2, 412568
398, Mick, Mulvaney, false, SC, M, R, H0SC05031, N/A, 5, 412474
399, Stephanie, Murphy, false, FL, F, D, H6FL07140, N/A, 7, 412694
400, Tim, Murphy, false, PA, M, R, H2PA18143, N/A, 18, 400285
401, Jerrold, Nadler, false, NY, M, D, H2NY17071, N/A, 10, 400289
402, Grace, Napolitano, false, CA, F, D, H8CA34068, N/A, 32, 400290
403, Richard, Neal, false, MA, M, D, H8MA02041, N/A, 1, 400291
404, Dan, Newhouse, false, WA, M, R, H4WA04104, N/A, 4, 412660
405, Kristi, Noem, false, SD, F, R, H0SD00054, N/A, At-Large, 412475
406, Rick, Nolan, false, MN, M, D, H2MN08111, N/A, 8, 408211
407, Donald, Norcross, false, NJ, M, D, H4NJ01084, N/A, 1, 412606
408, Ralph, Norman, false, SC, M, R, H8SC05158, N/A, 5, 412738
409, Eleanor, Norton, false, DC, F, D, H0DC00058, N/A, At-Large, 400295
410, Devin, Nunes, false, CA, M, R, H8CA20059, N/A, 22, 400297
411, Tom, O'Halleran, false, AZ, M, D, H6AZ01199, N/A, 1, 412682
412, Beto, O'Rourke, false, TX, M, D, S8TX00285, N/A, 16, 412575
413, Pete, Olson, false, TX, M, R, H8TX22107, N/A, 22, 412302
414, Steven, Palazzo, false, MS, M, R, H0MS04120, N/A, 4, 412443
415, Frank, Pallone, false, NJ, M, D, H8NJ03073, N/A, 6, 400308
416, Gary, Palmer, false, AL, M, R, H4AL06098, N/A, 6, 412608
417, Jimmy, Panetta, false, CA, M, D, H6CA20152, N/A, 20, 412685
418, Bill, Pascrell, false, NJ, M, D, H6NJ08118, N/A, 9, 400309
419, Erik, Paulsen, false, MN, M, R, H8MN03077, N/A, 3, 412303
420, Donald, Payne, false, NJ, M, D, H2NJ10154, N/A, 10, 412506
421, Steve, Pearce, false, NM, M, R, H2NM02126, N/A, 2, 400313
422, Nancy, Pelosi, false, CA, F, D, H8CA05035, N/A, 12, 400314
423, Ed, Perlmutter, false, CO, M, D, H6CO07023, N/A, 7, 412192
424, Scott, Perry, false, PA, M, R, H2PA04135, N/A, 4, 412569
425, Scott, Peters, false, CA, M, D, H2CA52089, N/A, 52, 412523
426, Collin, Peterson, false, MN, M, D, H2MN07014, N/A, 7, 400316
427, Chellie, Pingree, false, ME, F, D, H8ME01120, N/A, 1, 412307
428, Robert, Pittenger, false, NC, M, R, H2NC09134, N/A, 9, 412551
429, Stacey, Plaskett, false, VI, F, D, H2VI00082, N/A, At-Large, 412659
430, Mark, Pocan, false, WI, M, D, H2WI02124, N/A, 2, 412585
431, Ted, Poe, false, TX, M, R, H4TX02108, N/A, 2, 400652
432, Bruce, Poliquin, false, ME, M, R, S2ME00158, N/A, 2, 412633
433, Jared, Polis, false, CO, M, D, H8CO02137, N/A, 2, 412308
434, Mike, Pompeo, false, KS, M, R, H0KS04051, N/A, 4, 412431
435, Bill, Posey, false, FL, M, R, H8FL15107, N/A, 8, 412309
436, Tom, Price, false, GA, M, R, H4GA06087, N/A, 6, 400626
437, David, Price, false, NC, M, D, H6NC04037, N/A, 4, 400326
438, Mike, Quigley, false, IL, M, D, H0IL05096, N/A, 5, 412331
439, Amata, Radewagen, false, AS, F, R, H4AS00036, N/A, At-Large, 412664
440, Jamie, Raskin, false, MD, M, D, H6MD08457, N/A, 8, 412708
441, John, Ratcliffe, false, TX, M, R, H4TX04153, N/A, 4, 412653
442, Tom, Reed, false, NY, M, R, H0NY29054, N/A, 23, 412393
443, Dave, Reichert, false, WA, M, R, H4WA08071, N/A, 8, 400660
444, Jim, Renacci, false, OH, M, R, H0OH16097, N/A, 16, 412462
445, Tom, Rice, false, SC, M, R, H2SC07066, N/A, 7, 412572
446, Kathleen, Rice, false, NY, F, D, H4NY04075, N/A, 4, 412647
447, Cedric, Richmond, false, LA, M, D, H8LA02054, N/A, 2, 412432
448, Martha, Roby, false, AL, F, R, H0AL02087, N/A, 2, 412394
449, Phil, Roe, false, TN, M, R, H6TN01388, N/A, 1, 412310
450, Harold, Rogers, false, KY, M, R, H0KY05015, N/A, 5, 400340
451, Mike, Rogers, false, AL, M, R, H2AL03032, N/A, 3, 400341
452, Dana, Rohrabacher, false, CA, M, R, H8CA42061, N/A, 48, 400343
453, Todd, Rokita, false, IN, M, R, H0IN04170, N/A, 4, 412426
454, Francis, Rooney, false, FL, M, R, H6FL19087, N/A, 19, 412699
455, Tom, Rooney, false, FL, M, R, H8FL16022, N/A, 17, 412311
456, Ileana, Ros-Lehtinen, false, FL, F, R, H0FL18025, N/A, 27, 400344
457, Jacky, Rosen, false, NV, F, D, S8NV00156, N/A, 3, 412715
458, Peter, Roskam, false, IL, M, R, H6IL06117, N/A, 6, 412202
459, Dennis, Ross, false, FL, M, R, H0FL12101, N/A, 15, 412411
460, Keith, Rothfus, false, PA, M, R, H0PA04220, N/A, 12, 412570
461, David, Rouzer, false, NC, M, R, H2NC07096, N/A, 7, 412641
462, Lucille, Roybal-Allard, false, CA, F, D, H2CA33048, N/A, 40, 400347
463, Edward, Royce, false, CA, M, R, H6CA39020, N/A, 39, 400348
464, Raul, Ruiz, false, CA, M, D, H2CA36439, N/A, 36, 412519
465, C.A. Dutch, Ruppersberger, false, MD, M, D, H2MD02160, N/A, 2, 400349
466, Bobby, Rush, false, IL, M, D, H2IL01042, N/A, 1, 400350
467, Steve, Russell, false, OK, M, R, H4OK05132, N/A, 5, 412650
468, John, Rutherford, false, FL, M, R, H6FL04105, N/A, 4, 412692
469, Tim, Ryan, false, OH, M, D, H2OH17109, N/A, 13, 400352
470, Paul, Ryan, false, WI, M, R, H8WI01024, N/A, 1, 400351
471, Gregorio, Sablan, false, MP, M, D, H8MP00041, N/A, At-Large, 412312
472, Linda, Sánchez, false, CA, F, D, H2CA39078, N/A, 38, 400355
473, Mark, Sanford, false, SC, M, R, H4SC01073, N/A, 1, 400607
474, John, Sarbanes, false, MD, M, D, H6MD03292, N/A, 3, 412212
475, Steve, Scalise, false, LA, M, R, H0LA01087, N/A, 1, 412261
476, Mary, Scanlon, false, PA, F, D, , N/A, 7, 412750
477, Jan, Schakowsky, false, IL, F, D, H8IL09067, N/A, 9, 400360
478, Adam, Schiff, false, CA, M, D, H0CA27085, N/A, 28, 400361
479, Brad, Schneider, false, IL, M, D, H2IL10068, N/A, 10, 412534
480, Kurt, Schrader, false, OR, M, D, H8OR05107, N/A, 5, 412315
481, David, Schweikert, false, AZ, M, R, H4AZ06045, N/A, 6, 412399
482, Austin, Scott, false, GA, M, R, H0GA08099, N/A, 8, 412417
483, David, Scott, false, GA, M, D, H2GA13012, N/A, 13, 400363
484, Robert, Scott, false, VA, M, D, H6VA01117, N/A, 3, 400364
485, F., Sensenbrenner, false, WI, M, R, H8WI09050, N/A, 5, 400365
486, José, Serrano, false, NY, M, D, H0NY18065, N/A, 15, 400366
487, Pete, Sessions, false, TX, M, R, H2TX03126, N/A, 32, 400367
488, Terri, Sewell, false, AL, F, D, H0AL07086, N/A, 7, 412396
489, Carol, Shea-Porter, false, NH, F, D, H6NH01230, N/A, 1, 412219
490, Brad, Sherman, false, CA, M, D, H6CA24113, N/A, 30, 400371
491, John, Shimkus, false, IL, M, R, H2IL20042, N/A, 15, 400373
492, Bill, Shuster, false, PA, M, R, H2PA09035, N/A, 9, 409888
493, Mike, Simpson, false, ID, M, R, H8ID02064, N/A, 2, 400376
494, Kyrsten, Sinema, false, AZ, F, D, H2AZ09019, N/A, 9, 412509
495, Albio, Sires, false, NJ, M, D, H6NJ13191, N/A, 8, 412186
496, Louise, Slaughter, false, NY, F, D, H6NY03031, N/A, 25, 400378
497, Christopher, Smith, false, NJ, M, R, H8NJ04014, N/A, 4, 400380
498, Adam, Smith, false, WA, M, D, H6WA09025, N/A, 9, 400379
499, Adrian, Smith, false, NE, M, R, H6NE03115, N/A, 3, 412217
500, Jason, Smith, false, MO, M, R, H4MO08162, N/A, 8, 412596
501, Lamar, Smith, false, TX, M, R, H6TX21012, N/A, 21, 400381
502, Lloyd, Smucker, false, PA, M, R, H6PA16320, N/A, 16, 412722
503, Darren, Soto, false, FL, M, D, H6FL09179, N/A, 9, 412695
504, Jackie, Speier, false, CA, F, D, H8CA12171, N/A, 14, 412259
505, Elise, Stefanik, false, NY, F, R, H4NY21079, N/A, 21, 412648
506, Chris, Stewart, false, UT, M, R, H2UT02324, N/A, 2, 412581
507, Steve, Stivers, false, OH, M, R, H8OH15076, N/A, 15, 412461
508, Thomas, Suozzi, false, NY, M, D, H6NY03247, N/A, 3, 412717
509, Eric, Swalwell, false, CA, M, D, H2CA15094, N/A, 15, 412514
510, Mark, Takano, false, CA, M, D, H2CA43245, N/A, 41, 412520
511, Scott, Taylor, false, VA, M, R, H0VA02118, N/A, 2, 412727
512, Claudia, Tenney, false, NY, F, R, H4NY22051, N/A, 22, 412720
513, Bennie, Thompson, false, MS, M, D, H4MS02068, N/A, 2, 400402
514, Glenn, Thompson, false, PA, M, R, H8PA05071, N/A, 5, 412317
515, Mike, Thompson, false, CA, M, D, H8CA01109, N/A, 5, 400403
516, William, Thornberry, false, TX, M, R, H4TX13014, N/A, 13, 400404
517, Pat, Tiberi, false, OH, M, R, H0OH12062, N/A, 12, 400406
518, Scott, Tipton, false, CO, M, R, H6CO03139, N/A, 3, 412405
519, Dina, Titus, false, NV, F, D, H8NV03036, N/A, 1, 412318
520, Paul, Tonko, false, NY, M, D, H8NY21203, N/A, 20, 412319
521, Norma, Torres, false, CA, F, D, H4CA35031, N/A, 35, 412617
522, Dave, Trott, false, MI, M, R, H4MI11097, N/A, 11, 412636
523, Niki, Tsongas, false, MA, F, D, H8MA05143, N/A, 3, 412254
524, Michael, Turner, false, OH, M, R, H2OH03067, N/A, 10, 400411
525, Fred, Upton, false, MI, M, R, H6MI04113, N/A, 6, 400414
526, David, Valadao, false, CA, M, R, H2CA20094, N/A, 21, 412515
527, Juan, Vargas, false, CA, M, D, H2CA50026, N/A, 51, 412522
528, Marc, Veasey, false, TX, M, D, H2TX33073, N/A, 33, 412579
529, Filemon, Vela, false, TX, M, D, H2TX27190, N/A, 34, 412580
530, Nydia, Velázquez, false, NY, F, D, H2NY00010, N/A, 7, 400416
531, Peter, Visclosky, false, IN, M, D, H4IN01012, N/A, 1, 400417
532, Ann, Wagner, false, MO, F, R, H2MO02102, N/A, 2, 412548
533, Tim, Walberg, false, MI, M, R, H4MI07103, N/A, 7, 412213
534, Greg, Walden, false, OR, M, R, H6OR02116, N/A, 2, 400419
535, Mark, Walker, false, NC, M, R, H4NC06052, N/A, 6, 412670
536, Jackie, Walorski, false, IN, F, R, H0IN02190, N/A, 2, 412538
537, Mimi, Walters, false, CA, F, R, H4CA45097, N/A, 45, 412618
538, Tim, Walz, false, MN, M, D, H6MN01174, N/A, 1, 412214
539, Debbie, Wasserman Schultz, false, FL, F, D, H4FL20023, N/A, 23, 400623
540, Maxine, Waters, false, CA, F, D, H4CA23011, N/A, 43, 400422
541, Bonnie, Watson Coleman, false, NJ, F, D, H4NJ12149, N/A, 12, 412644
542, Randy, Weber, false, TX, M, R, H2TX14149, N/A, 14, 412574
543, Daniel, Webster, false, FL, M, R, H0FL08208, N/A, 11, 412410
544, Peter, Welch, false, VT, M, D, H6VT00160, N/A, At-Large, 412239
545, Brad, Wenstrup, false, OH, M, R, H2OH02085, N/A, 2, 412564
546, Bruce, Westerman, false, AR, M, R, H4AR04048, N/A, 4, 412610
547, Susan, Wild, false, PA, F, D, , N/A, 15, 412751
548, Roger, Williams, false, TX, M, R, H2TX33040, N/A, 25, 412578
549, Joe, Wilson, false, SC, M, R, H2SC02059, N/A, 2, 400433
550, Frederica, Wilson, false, FL, F, D, H0FL17068, N/A, 24, 412412
551, Robert, Wittman, false, VA, M, R, H8VA01147, N/A, 1, 412255
552, Steve, Womack, false, AR, M, R, H0AR03055, N/A, 3, 412402
553, Rob, Woodall, false, GA, M, R, H0GA07133, N/A, 7, 412416
554, John, Yarmuth, false, KY, M, D, H6KY03124, N/A, 3, 412211
555, Kevin, Yoder, false, KS, M, R, H0KS03137, N/A, 3, 412430
556, Ted, Yoho, false, FL, M, R, H2FL06109, N/A, 3, 412525
557, David, Young, false, IA, M, R, S4IA00103, N/A, 3, 412628
558, Don, Young, false, AK, M, R, H6AK00045, N/A, At-Large, 400440
559, Lee, Zeldin, false, NY, M, R, H8NY01148, N/A, 1, 412646
560, Ryan, Zinke, false, MT, M, R, H4MT01041, N/A, At-Large, 412640
